bandara,tipe,tanggal,waktu_jadwal,waktu_aktual,nomor_flight,callsign,asal_tujuan_iata,asal_tujuan_nama,maskapai,maskapai_iata,kode_pesawat,nama_pesawat,registrasi,status,scraped_at
CGK,arrivals,2026-05-24,21:15,22:42,8B698,TNU698,SZB,Kuala Lumpur Subang Airport,TransNusa,8B,A320,Airbus A320-214,PK-TLB,Landed 22:42,2026-05-26 09:11:33
CGK,arrivals,2026-05-24,21:25,,GA615,,UPG,Makassar Sultan Hasanuddin International Airport,Garuda Indonesia,GA,B738,Boeing 737-8U3,PK-GMM,Unknown,2026-05-26 09:11:33
CGK,arrivals,2026-05-24,21:25,,JT383,,KNO,Medan Kuala Namu International Airport,Lion Air,JT,7M9,,,Unknown,2026-05-26 09:11:33
CGK,arrivals,2026-05-24,21:25,21:04,QG887,CTV887,KNO,Medan Kuala Namu International Airport,Citilink,QG,A320,Airbus A320-214,PK-GQJ,Landed 21:04,2026-05-26 09:11:33
CGK,arrivals,2026-05-24,21:25,21:08,IU949,SJV949,KNO,Medan Kuala Namu International Airport,Super Air Jet,IU,A320,Airbus A320-232,PK-SJU,Landed 21:08,2026-05-26 09:11:33
CGK,arrivals,2026-05-24,21:25,21:00,GA615,GIA615,UPG,Makassar Sultan Hasanuddin International Airport,Garuda Indonesia,GA,B738,Boeing 737-8U3,PK-GMM,Landed 21:00,2026-05-26 09:11:33
CGK,arrivals,2026-05-24,21:30,21:21,IU905,SJV905,PDG,Padang Minangkabau International Airport,Super Air Jet,IU,A320,Airbus A320-232,PK-SJM,Landed 21:21,2026-05-26 09:11:33
CGK,arrivals,2026-05-24,21:30,21:14,CA475,CCA475,TFU,Chengdu Tianfu International Airport,Air China,CA,A19N,Airbus A319-153N,B-32NH,Landed 21:14,2026-05-26 09:11:33
CGK,arrivals,2026-05-24,21:30,21:25,SL116,TLM116,DMK,Bangkok Don Mueang International Airport,Thai Lion Air,SL,B738,Boeing 737-8GP,HS-LGT,Landed 21:25,2026-05-26 09:11:33
CGK,arrivals,2026-05-24,21:30,21:12,QG777,CTV777,YIA,Yogyakarta International Airport,Citilink Garuda Indonesia,QG,A320,Airbus A320-214,PK-GQT,Landed 21:12,2026-05-26 09:11:33
CGK,arrivals,2026-05-24,21:40,21:41,8B680,TNU680,KUL,Kuala Lumpur International Airport,TransNusa,8B,A321,Airbus A321-211,PK-TLK,Landed 21:41,2026-05-26 09:11:33
CGK,arrivals,2026-05-24,21:40,21:25,ID6269,BTK6269,UPG,Makassar Sultan Hasanuddin International Airport,Batik Air,ID,A320,Airbus A320-214,PK-LAO,Landed 21:25,2026-05-26 09:11:33
CGK,arrivals,2026-05-24,21:40,20:49,QG503,CTV503,KUL,Kuala Lumpur International Airport,Citilink,QG,A320,Airbus A320-214,PK-GQS,Landed 20:49,2026-05-26 09:11:33
CGK,arrivals,2026-05-24,21:40,21:17,IP105,PAS105,DPS,Denpasar Ngurah Rai International Airport,Pelita Air,IP,A320,Airbus A320-214,PK-PWD,Landed 21:17,2026-05-26 09:11:33
CGK,arrivals,2026-05-24,21:40,21:30,GA415,GIA415,DPS,Denpasar Ngurah Rai International Airport,Garuda Indonesia,GA,B738,Boeing 737-8U3,PK-GFW,Landed 21:30,2026-05-26 09:11:33
CGK,arrivals,2026-05-24,21:45,,ID6763,,UPG,Makassar Sultan Hasanuddin International Airport,Batik Air,ID,32A,,,Unknown,2026-05-26 09:11:33
CGK,arrivals,2026-05-24,21:45,21:30,QR954,QTR954,DOH,Doha Hamad International Airport,Qatar Airways,QR,A359,Airbus A350-941,A7-ALD,Landed 21:30,2026-05-26 09:11:33
CGK,arrivals,2026-05-24,21:50,21:10,MF8683,CXA8683,WUH,Wuhan Tianhe International Airport,Xiamen Air,MF,B38M,Boeing 737 MAX 8,B-1117,Landed 21:10,2026-05-26 09:11:33
CGK,arrivals,2026-05-24,21:50,21:35,IP809,PAS809,UPG,Makassar Sultan Hasanuddin International Airport,Pelita Air,IP,A320,Airbus A320-214,PK-PWP,Landed 21:35,2026-05-26 09:11:33
CGK,arrivals,2026-05-24,21:55,,IN221,,YIA,Yogyakarta International Airport,Nam Air,IN,735,,,Unknown,2026-05-26 09:11:33
CGK,arrivals,2026-05-24,21:55,21:51,QZ819,AWQ819,DPS,Denpasar Ngurah Rai International Airport,AirAsia,AK,A320,Airbus A320-216,PK-AXE,Landed 21:51,2026-05-26 09:11:33
CGK,arrivals,2026-05-24,22:00,21:38,QG955,CTV955,PDG,Padang Minangkabau International Airport,Citilink,QG,A320,Airbus A320-214,PK-GQU,Landed 21:38,2026-05-26 09:11:33
CGK,arrivals,2026-05-24,22:00,21:20,QG171,CTV171,SUB,Surabaya Juanda International Airport,Citilink,QG,A320,Airbus A320-214,PK-GLG,Landed 21:20,2026-05-26 09:11:33
CGK,arrivals,2026-05-24,22:05,21:48,QZ475,AWQ475,KTI,Phnom Penh Techo International Airport,AirAsia,AK,A320,Airbus A320-216,PK-AZG,Landed 21:48,2026-05-26 09:11:33
CGK,arrivals,2026-05-24,22:10,21:58,QG667,CTV667,DPS,Denpasar Ngurah Rai International Airport,Citilink,QG,A20N,Airbus A320-251N,PK-GTG,Landed 21:58,2026-05-26 09:11:33
CGK,arrivals,2026-05-24,22:10,,JT15,,DPS,Denpasar Ngurah Rai International Airport,Lion Air,JT,739,,,Canceled,2026-05-26 09:11:33
CGK,arrivals,2026-05-24,22:15,,SJ273,,DPS,Denpasar Ngurah Rai International Airport,Sriwijaya Air,SJ,738,,,Unknown,2026-05-26 09:11:33
CGK,arrivals,2026-05-24,22:15,21:56,GA193,GIA193,KNO,Medan Kuala Namu International Airport,Garuda Indonesia,GA,B738,Boeing 737-8U3,PK-GMX,Landed 21:56,2026-05-26 09:11:33
CGK,arrivals,2026-05-24,22:20,22:14,ID7152,BTK7152,SIN,Singapore Changi Airport,Batik Air,ID,B738,Boeing 737-8GP,PK-LBK,Landed 22:14,2026-05-26 09:11:33
CGK,arrivals,2026-05-24,22:20,,ID6231,,UPG,Makassar Sultan Hasanuddin International Airport,Batik Air,ID,32A,,,Canceled,2026-05-26 09:11:33
CGK,arrivals,2026-05-24,22:20,22:10,EK358,UAE358,DXB,Dubai International Airport,Emirates,EK,B77W,Boeing 777-31H(ER),A6-ECJ,Landed 22:10,2026-05-26 09:11:33
CGK,arrivals,2026-05-24,22:30,22:18,MU5069,CES5069,PVG,Shanghai Pudong International Airport,China Eastern Airlines,MU,A332,Airbus A330-243,B-8231,Landed 22:18,2026-05-26 09:11:33
CGK,arrivals,2026-05-24,22:30,22:54,MF837,CXA837,XMN,Xiamen Gaoqi International Airport,Xiamen Air,MF,B38M,Boeing 737 MAX 8,B-224X,Landed 22:54,2026-05-26 09:11:33
CGK,arrivals,2026-05-24,22:30,22:11,JT215,LNI215,KNO,Medan Kuala Namu International Airport,Lion Air,JT,B39M,Boeing 737 MAX 9,PK-LRI,Landed 22:11,2026-05-26 09:11:33
CGK,arrivals,2026-05-24,22:40,22:22,SQ968,SIA968,SIN,Singapore Changi Airport,Singapore Airlines,SQ,A359,Airbus A350-941,9V-SHL,Landed 22:22,2026-05-26 09:11:33
CGK,arrivals,2026-05-24,22:40,,JT371,,BTH,Batam Hang Nadim Airport,Lion Air,JT,738,,,Unknown,2026-05-26 09:11:33
CGK,arrivals,2026-05-24,22:45,22:07,SV826,SVA826,JED,Jeddah King Abdulaziz International Airport,Saudia,SV,B77W,Boeing 777-368(ER),HZ-AK26,Landed 22:07,2026-05-26 09:11:33
CGK,arrivals,2026-05-24,22:45,22:28,GA839,GIA839,SIN,Singapore Changi Airport,Garuda Indonesia,GA,B738,Boeing 737-8U3,PK-GMA,Landed 22:28,2026-05-26 09:11:33
CGK,arrivals,2026-05-24,22:45,22:25,GA425,GIA425,DPS,Denpasar Ngurah Rai International Airport,Garuda Indonesia (Republic of Indonesia Livery),GA,B77W,Boeing 777-3U3(ER),PK-GIF,Landed 22:25,2026-05-26 09:11:33
CGK,arrivals,2026-05-24,22:55,22:28,CX797,CPA797,HKG,Hong Kong International Airport,Cathay Pacific,CX,B773,Boeing 777-31H,B-HNU,Landed 22:28,2026-05-26 09:11:33
CGK,arrivals,2026-05-24,23:00,22:46,CZ8353,CSN8353,SZX,Shenzhen Bao'an International Airport,China Southern Airlines,CZ,A21N,Airbus A321-253NX,B-30E2,Landed 22:46,2026-05-26 09:11:33
CGK,arrivals,2026-05-24,23:05,22:47,ID7158,BTK7158,SIN,Singapore Changi Airport,Batik Air,ID,B738,Boeing 737-8GP,PK-LZZ,Landed 22:47,2026-05-26 09:11:33
CGK,arrivals,2026-05-24,23:10,23:20,QZ529,AWQ529,BWN,Brunei International Airport,AirAsia,AK,A320,Airbus A320-216,PK-AZF,Landed 23:20,2026-05-26 09:11:33
CGK,arrivals,2026-05-24,23:10,23:38,OD396,MXD396,KUL,Kuala Lumpur International Airport,Batik Air,ID,B738,Boeing 737-8GP,9M-LNR,Landed 23:38,2026-05-26 09:11:33
CGK,arrivals,2026-05-24,23:20,23:11,QG427,CTV427,UPG,Makassar Sultan Hasanuddin International Airport,Citilink,QG,A320,Airbus A320-214,PK-GLS,Landed 23:11,2026-05-26 09:11:33
CGK,arrivals,2026-05-24,23:25,23:13,SC2153,CDG2153,XMN,Xiamen Gaoqi International Airport,Shandong Airlines,SC,B38M,Boeing 737 MAX 8,B-224S,Landed 23:13,2026-05-26 09:11:33
CGK,arrivals,2026-05-24,23:25,22:53,CZ387,CSN387,CAN,Guangzhou Baiyun International Airport,China Southern Airlines,CZ,A21N,Airbus A321-253NX,B-322A,Landed 22:53,2026-05-26 09:11:33
CGK,arrivals,2026-05-24,23:30,23:17,QG947,CTV947,BTH,Batam Hang Nadim Airport,Citilink,QG,A320,Airbus A320-214,PK-GLI,Landed 23:17,2026-05-26 09:11:33
CGK,arrivals,2026-05-24,23:45,23:28,NH835,ANA835,NRT,Tokyo Narita International Airport,All Nippon Airways,NH,B789,Boeing 787-9 Dreamliner,JA890A,Landed 23:28,2026-05-26 09:11:33
CGK,arrivals,2026-05-24,23:45,23:33,5J759,CEB759,MNL,Manila Ninoy Aquino International Airport,Cebu Pacific,5J,A20N,Airbus A320-271N,RP-C4134,Landed 23:33,2026-05-26 09:11:33
CGK,arrivals,2026-05-24,23:50,00:04,8B5109,TNU5109,DPS,Denpasar Ngurah Rai International Airport,TransNusa,8B,A320,Airbus A320-214,PK-TLD,Landed 00:04,2026-05-26 09:11:33
CGK,arrivals,2026-05-24,23:50,00:15,MF855,CXA855,FOC,Fuzhou Changle International Airport,Xiamen Air,MF,B38M,Boeing 737 MAX 8,B-227C,Landed 00:15,2026-05-26 09:11:33
CGK,arrivals,2026-05-24,23:55,23:41,PR535,PAL535,MNL,Manila Ninoy Aquino International Airport,Philippine Airlines,PR,A321,Airbus A321-231,RP-C9929,Landed 23:41,2026-05-26 09:11:33
CGK,departures,2026-05-24,21:15,22:27,SJ592,SJY592,UPG,Makassar Sultan Hasanuddin International Airport,Sriwijaya Air,SJ,B735,Boeing 737-524,PK-CLE,Departed 22:27,2026-05-26 09:12:12
CGK,departures,2026-05-24,21:15,21:21,QG728,CTV728,SUB,Surabaya Juanda International Airport,Citilink,QG,A320,Airbus A320-214,PK-GLY,Departed 21:21,2026-05-26 09:12:12
CGK,departures,2026-05-24,21:25,21:44,NH856,ANA856,HND,Tokyo Haneda International Airport,All Nippon Airways,NH,B789,Boeing 787-9 Dreamliner,JA879A,Departed 21:44,2026-05-26 09:12:12
CGK,departures,2026-05-24,21:25,21:34,GA652,GIA652,DPS,Denpasar Ngurah Rai International Airport,Garuda Indonesia (Livin' by Mandiri Livery),GA,B738,Boeing 737-86N,PK-GFJ,Departed 21:34,2026-05-26 09:12:12
CGK,departures,2026-05-24,21:30,21:30,JT940,,UPG,Makassar Sultan Hasanuddin International Airport,Lion Air,JT,738,,,Estimated dep 21:30*,2026-05-26 09:12:12
CGK,departures,2026-05-24,21:30,21:43,OZ762,AAR762,ICN,Seoul Incheon International Airport,Asiana Airlines,OZ,B772,Boeing 777-28E(ER),HL8284,Departed 21:43,2026-05-26 09:12:12
CGK,departures,2026-05-24,21:30,21:36,JT798,LNI798,UPG,Makassar Sultan Hasanuddin International Airport,Lion Air,JT,B739,Boeing 737-9GP(ER),PK-LFO,Departed 21:36,2026-05-26 09:12:12
CGK,departures,2026-05-24,21:50,22:08,TW156,TWB156,ICN,Seoul Incheon International Airport,T'Way Air,TW,A333,Airbus A330-343,HL8500,Departed 22:08,2026-05-26 09:12:12
CGK,departures,2026-05-24,21:50,21:57,JL726,JAL726,NRT,Tokyo Narita International Airport,Japan Airlines,JL,B763,Boeing 767-346(ER),JA606J,Departed 21:57,2026-05-26 09:12:12
CGK,departures,2026-05-24,22:00,22:00,JT948,,UPG,Makassar Sultan Hasanuddin International Airport,Lion Air,JT,738,,,Estimated dep 22:00*,2026-05-26 09:12:12
CGK,departures,2026-05-24,22:00,22:00,JT984,,UPG,Makassar Sultan Hasanuddin International Airport,Lion Air,JT,739,,,Estimated dep 22:00*,2026-05-26 09:12:12
CGK,departures,2026-05-24,22:00,22:30,GA88,GIA088,AMS,Amsterdam Schiphol Airport,Garuda Indonesia (Retro Livery),GA,B77W,Boeing 777-3U3(ER),PK-GIK,Departed 22:30,2026-05-26 09:12:12
CGK,departures,2026-05-24,22:15,22:14,SJ598,SJY598,UPG,Makassar Sultan Hasanuddin International Airport,BBN Airlines Indonesia,0B,B738,Boeing 737-86J,PK-BBH,Departed 22:14,2026-05-26 09:12:12
CGK,departures,2026-05-24,23:00,23:14,ID6182,BTK6182,UPG,Makassar Sultan Hasanuddin International Airport,Batik Air,ID,B738,Boeing 737-8GP,PK-LBS,Departed 23:14,2026-05-26 09:12:12
CGK,departures,2026-05-24,23:00,,ID6164,,UPG,Makassar Sultan Hasanuddin International Airport,Batik Air,ID,32A,,,Unknown,2026-05-26 09:12:12
CGK,departures,2026-05-24,23:00,22:52,CA476,CCA476,TFU,Chengdu Tianfu International Airport,Air China,CA,A19N,Airbus A319-153N,B-32NH,Departed 22:52,2026-05-26 09:12:12
CGK,departures,2026-05-24,23:15,23:21,GA878,GIA878,ICN,Seoul Incheon International Airport,Garuda Indonesia (Ayo Pakai Masker Livery),GA,A333,Airbus A330-343,PK-GHC,Departed 23:21,2026-05-26 09:12:12
CGK,departures,2026-05-24,23:15,23:35,GA656,GIA656,DJJ,Jayapura Sentani Airport,Garuda Indonesia,GA,B738,Boeing 737-8U3,PK-GNA,Departed 23:35,2026-05-26 09:12:12
CGK,departures,2026-05-24,23:20,23:30,MF8674,CXA8674,CKG,Chongqing Jiangbei International Airport,Xiamen Air,MF,B38M,Boeing 737 MAX 8,B-1117,Departed 23:30,2026-05-26 09:12:12
CGK,departures,2026-05-24,23:25,23:42,GA874,GIA874,HND,Tokyo Haneda International Airport,Garuda Indonesia,GA,A333,Airbus A330-343,PK-GHA,Departed 23:42,2026-05-26 09:12:08
CGK,departures,2026-05-24,23:25,,3U9042,,TFU,Chengdu Tianfu International Airport,Sichuan Airlines,3U,33F,,,Unknown,2026-05-26 09:12:08
CGK,departures,2026-05-24,23:30,23:46,MU5070,CES5070,PVG,Shanghai Pudong International Airport,China Eastern Airlines,MU,A332,Airbus A330-243,B-8231,Departed 23:46,2026-05-26 09:12:08
CGK,departures,2026-05-24,23:30,00:24,MF838,CXA838,XMN,Xiamen Gaoqi International Airport,Xiamen Air,MF,B38M,Boeing 737 MAX 8,B-224X,Departed 00:24,2026-05-26 09:12:08
CGK,departures,2026-05-24,23:50,00:06,GA860,GIA860,HKG,Hong Kong International Airport,Garuda Indonesia,GA,B738,Boeing 737-8U3,PK-GMY,Departed 00:06,2026-05-26 09:12:08
CGK,departures,2026-05-24,23:55,00:09,GA894,GIA894,PVG,Shanghai Pudong International Airport,Garuda Indonesia,GA,A333,Airbus A330-343,PK-GPU,Departed 00:09,2026-05-26 09:12:08
DPS,arrivals,2026-05-24,21:15,21:02,VA83,VOZ083,OOL,Gold Coast Airport,Virgin Australia,VA,B738,Boeing 737-8FE,VH-YIS,Landed 22:02,2026-05-26 09:12:34
DPS,arrivals,2026-05-24,21:20,21:38,8B5110,TNU5110,CGK,Jakarta Soekarno Hatta International Airport,TransNusa,8B,A320,Airbus A320-214,PK-TLD,Landed 22:38,2026-05-26 09:12:34
DPS,arrivals,2026-05-24,21:20,21:30,JQ87,JST087,SIN,Singapore Changi Airport,Jetstar,JQ,A21N,Airbus A321-251NX(LR),VH-OYU,Landed 22:30,2026-05-26 09:12:34
DPS,arrivals,2026-05-24,21:25,21:11,QZ820,AWQ820,CGK,Jakarta Soekarno Hatta International Airport,AirAsia,AK,A320,Airbus A320-216,PK-AZL,Landed 22:11,2026-05-26 09:12:34
DPS,arrivals,2026-05-24,21:30,21:06,VA65,VOZ065,SYD,Sydney Kingsford Smith Airport,Virgin Australia,VA,B38M,Boeing 737 MAX 8,VH-8IJ,Landed 22:06,2026-05-26 09:12:34
DPS,arrivals,2026-05-24,21:40,21:59,JQ127,JST127,ADL,Adelaide Airport,Jetstar,JQ,A21N,Airbus A321-251NX(LR),VH-OFY,Landed 22:59,2026-05-26 09:12:34
DPS,arrivals,2026-05-24,21:45,21:45,EK398,UAE398,DXB,Dubai International Airport,Emirates,EK,B77W,Boeing 777-31H(ER),A6-ENO,Landed 22:45,2026-05-26 09:12:34
DPS,arrivals,2026-05-24,21:55,21:34,BX601,ABL601,PUS,Busan Gimhae International Airport,Air Busan,BX,A21N,Airbus A321-251NX(LR),HL8394,Landed 22:34,2026-05-26 09:12:34
DPS,arrivals,2026-05-24,22:05,22:42,MF891,CXA891,XMN,Xiamen Gaoqi International Airport,Xiamen Air,MF,B38M,Boeing 737 MAX 8,B-20DY,Landed 23:42,2026-05-26 09:12:34
DPS,arrivals,2026-05-24,22:15,22:28,TW157,TWB157,CJJ,Cheongju International Airport,T'Way Air,TW,B38M,Boeing 737 MAX 8,HL8580,Landed 23:28,2026-05-26 09:12:34
DPS,arrivals,2026-05-24,22:40,22:32,CZ625,CSN625,CAN,Guangzhou Baiyun International Airport,China Southern Airlines,CZ,A21N,Airbus A321-253NX,B-321Z,Landed 23:32,2026-05-26 09:12:34
DPS,arrivals,2026-05-24,22:50,22:39,KE433,KAL433,ICN,Seoul Incheon International Airport,Korean Air,KE,B78X,Boeing 787-10 Dreamliner,HL8570,Landed 23:39,2026-05-26 09:12:34
DPS,arrivals,2026-05-24,22:55,23:17,8B83,TNU083,PER,Perth Airport,TransNusa,8B,A320,Airbus A320-214,PK-TLN,Landed 00:17,2026-05-26 09:12:34
DPS,arrivals,2026-05-24,22:55,23:01,MU5029,CES5029,PVG,Shanghai Pudong International Airport,China Eastern Airlines,MU,A333,Airbus A330-343,B-1066,Landed 00:01,2026-05-26 09:12:34
DPS,arrivals,2026-05-24,22:55,22:50,PR537,PAL537,MNL,Manila Ninoy Aquino International Airport,Philippine Airlines,PR,A21N,Airbus A321-271N,RP-C9933,Landed 23:50,2026-05-26 09:12:34
DPS,arrivals,2026-05-24,23:10,23:08,SQ948,SIA948,SIN,Singapore Changi Airport,Singapore Airlines,SQ,B78X,Boeing 787-10 Dreamliner,9V-SCF,Landed 00:08,2026-05-26 09:12:34
DPS,arrivals,2026-05-24,23:10,22:47,JQ106,JST106,PER,Perth Airport,Jetstar,JQ,A21N,Airbus A321-251NX(LR),VH-OIR,Landed 23:47,2026-05-26 09:12:34
DPS,arrivals,2026-05-24,23:20,23:12,GA652,GIA652,CGK,Jakarta Soekarno Hatta International Airport,Garuda Indonesia (Livin' by Mandiri Livery),GA,B738,Boeing 737-86N,PK-GFJ,Landed 00:12,2026-05-26 09:12:34
DPS,arrivals,2026-05-24,23:35,23:35,QZ247,AWQ247,HKT,Phuket International Airport,AirAsia,AK,A320,Airbus A320-216,PK-AZK,Landed 00:35,2026-05-26 09:12:34
DPS,departures,2026-05-24,21:15,22:03,OD171,MXD171,SYD,Sydney Kingsford Smith Airport,Batik Air,ID,B38M,Boeing 737 MAX 8,9M-LRP,Departed 23:03,2026-05-26 09:12:57
DPS,departures,2026-05-24,21:15,22:14,AK375,AXM375,KUL,Kuala Lumpur International Airport,AirAsia (Jannine Livery),AK,A320,Airbus A320-216,9M-AHE,Departed 23:14,2026-05-26 09:12:57
DPS,departures,2026-05-24,21:20,21:35,QF44,QFA044,SYD,Sydney Kingsford Smith Airport,Qantas,QF,A333,Airbus A330-303,VH-QPE,Departed 22:35,2026-05-26 09:12:57
DPS,departures,2026-05-24,21:35,00:19,JQ38,JST038,SYD,Sydney Kingsford Smith Airport,Jetstar,JQ,A21N,Airbus A321-251NX(LR),VH-OLQ,Departed 01:19,2026-05-26 09:12:57
DPS,departures,2026-05-24,21:45,22:01,7C5304,JJA5304,ICN,Seoul Incheon International Airport,Jeju Air,7C,B38M,Boeing 737 MAX 8,HL8553,Departed 23:01,2026-05-26 09:12:57
DPS,departures,2026-05-24,22:00,00:32,JQ91,JST091,CNS,Cairns Airport,Jetstar,JQ,A320,Airbus A320-232,VH-X3B,Departed 01:32,2026-05-26 09:12:57
DPS,departures,2026-05-24,22:05,22:19,QF46,QFA046,MEL,Melbourne Airport,Qantas,QF,B738,Boeing 737-838,VH-VZB,Departed 23:19,2026-05-26 09:12:57
DPS,departures,2026-05-24,22:05,22:20,VA96,VOZ096,MEL,Melbourne Airport,Virgin Australia,VA,B38M,Boeing 737 MAX 8,VH-8ID,Departed 23:20,2026-05-26 09:12:57
DPS,departures,2026-05-24,22:10,22:33,8B5109,TNU5109,CGK,Jakarta Soekarno Hatta International Airport,TransNusa,8B,A320,Airbus A320-214,PK-TLD,Departed 23:33,2026-05-26 09:12:57
DPS,departures,2026-05-24,22:10,22:30,3U3986,CSC3986,TFU,Chengdu Tianfu International Airport,Sichuan Airlines,3U,A21N,Airbus A321-271NX(LR),B-324K,Departed 23:30,2026-05-26 09:12:57
DPS,departures,2026-05-24,22:20,22:41,VA82,VOZ082,OOL,Gold Coast Airport,Virgin Australia,VA,B738,Boeing 737-8FE,VH-YIS,Departed 23:41,2026-05-26 09:12:57
DPS,departures,2026-05-24,22:25,22:36,JQ50,JST050,AVV,Melbourne Avalon International Airport,Jetstar,JQ,A21N,Airbus A321-251NX(LR),VH-OYF,Departed 23:36,2026-05-26 09:12:57
DPS,departures,2026-05-24,22:25,22:44,GA714,GIA714,SYD,Sydney Kingsford Smith Airport,Garuda Indonesia,GA,A333,Airbus A330-343,PK-GPW,Departed 23:44,2026-05-26 09:12:57
DPS,departures,2026-05-24,22:35,22:51,VA68,VOZ068,SYD,Sydney Kingsford Smith Airport,Virgin Australia,VA,B38M,Boeing 737 MAX 8,VH-8IJ,Departed 23:51,2026-05-26 09:12:57
DPS,departures,2026-05-24,22:45,23:02,QZ420,AWQ420,ADL,Adelaide Airport,AirAsia,AK,A320,Airbus A320-216,PK-AXY,Departed 00:02,2026-05-26 09:12:57
DPS,departures,2026-05-24,22:45,22:57,KE432,KAL432,ICN,Seoul Incheon International Airport,Korean Air,KE,B789,Boeing 787-9 Dreamliner,HL8393,Departed 23:57,2026-05-26 09:12:57
DPS,departures,2026-05-24,22:50,23:10,JQ87,JST087,MCY,Sunshine Coast Airport,Jetstar,JQ,A21N,Airbus A321-251NX(LR),VH-OYU,Departed 00:10,2026-05-26 09:12:57
DPS,departures,2026-05-24,22:55,23:37,JQ128,JST128,ADL,Adelaide Airport,Jetstar,JQ,A21N,Airbus A321-251NX(LR),VH-OFY,Departed 00:37,2026-05-26 09:12:57
DPS,departures,2026-05-24,23:05,23:15,BX602,ABL602,PUS,Busan Gimhae International Airport,Air Busan,BX,A21N,Airbus A321-251NX(LR),HL8394,Departed 00:15,2026-05-26 09:12:57
DPS,departures,2026-05-24,23:15,23:49,TW158,TWB158,CJJ,Cheongju International Airport,T'Way Air,TW,B38M,Boeing 737 MAX 8,HL8580,Departed 00:49,2026-05-26 09:12:57
DPS,departures,2026-05-24,23:20,23:32,GA880,GIA880,NRT,Tokyo Narita International Airport,Garuda Indonesia (Retro Livery),GA,A333,Airbus A330-343,PK-GHD,Departed 00:32,2026-05-26 09:12:57
DPS,departures,2026-05-24,23:30,00:02,MF892,CXA892,XMN,Xiamen Gaoqi International Airport,Xiamen Air,MF,B38M,Boeing 737 MAX 8,B-20DY,Departed 01:02,2026-05-26 09:12:57
DPS,departures,2026-05-24,23:35,23:51,QR961,QTR961,DOH,Doha Hamad International Airport,Qatar Airways,QR,A35K,Airbus A350-1041,A7-AOA,Departed 00:51,2026-05-26 09:12:57
DPS,departures,2026-05-24,23:35,23:58,EK399,UAE399,DXB,Dubai International Airport,Emirates,EK,B77W,Boeing 777-31H(ER),A6-ENO,Departed 00:58,2026-05-26 09:12:57
DPS,departures,2026-05-24,23:40,23:46,CZ626,CSN626,CAN,Guangzhou Baiyun International Airport,China Southern Airlines,CZ,A21N,Airbus A321-253NX,B-321Z,Departed 00:46,2026-05-26 09:12:57
DPS,departures,2026-05-24,23:55,00:13,PR538,PAL538,MNL,Manila Ninoy Aquino International Airport,Philippine Airlines,PR,A21N,Airbus A321-271N,RP-C9933,Departed 01:13,2026-05-26 09:12:57
DPS,departures,2026-05-24,23:55,00:22,MU5030,CES5030,PVG,Shanghai Pudong International Airport,China Eastern Airlines,MU,A333,Airbus A330-343,B-1066,Departed 01:22,2026-05-26 09:12:57
KNO,arrivals,2026-05-24,21:15,21:49,ID6884,BTK6884,CGK,Jakarta Soekarno Hatta International Airport,Batik Air,ID,A320,Airbus A320-232,PK-BKM,Landed 21:49,2026-05-26 09:13:45
KNO,arrivals,2026-05-24,21:40,21:24,GA196,GIA196,CGK,Jakarta Soekarno Hatta International Airport,Garuda Indonesia,GA,B738,Boeing 737-8U3,PK-GMP,Landed 21:24,2026-05-26 09:13:45
KNO,arrivals,2026-05-24,22:00,21:52,QZ105,AWQ105,PEN,Penang International Airport,AirAsia,AK,A320,Airbus A320-216,PK-AZT,Landed 21:52,2026-05-26 09:13:45
KNO,arrivals,2026-05-24,22:20,,JT306,,CGK,Jakarta Soekarno Hatta International Airport,Lion Air,JT,739,,,Unknown,2026-05-26 09:13:45
KNO,arrivals,2026-05-24,22:20,22:20,QZ123,AWQ123,KUL,Kuala Lumpur International Airport,AirAsia,AK,A320,Airbus A320-214,PK-AZI,Landed 22:20,2026-05-26 09:13:45
KNO,arrivals,2026-05-24,22:30,22:12,QG882,CTV882,CGK,Jakarta Soekarno Hatta International Airport,Citilink,QG,A320,Airbus A320-214,PK-GLM,Landed 22:12,2026-05-26 09:13:45
KNO,departures,2026-05-24,21:45,21:52,QG915,CTV915,CGK,Jakarta Soekarno Hatta International Airport,Citilink,QG,A320,Airbus A320-214,PK-GLU,Departed 21:52,2026-05-26 09:14:02
KUL,arrivals,2026-05-24,21:20,21:10,MH1165,MAS1165,PEN,Penang International Airport,Malaysia Airlines,MH,B738,Boeing 737-8FZ,9M-MLL,Landed 22:10,2026-05-26 09:18:28
KUL,arrivals,2026-05-24,21:20,21:31,MH852,MAS852,DPS,Denpasar Ngurah Rai International Airport,Malaysia Airlines,MH,B38M,Boeing 737 MAX 8,9M-MVO,Landed 22:31,2026-05-26 09:18:28
KUL,arrivals,2026-05-24,21:20,21:16,MH610,MAS610,SIN,Singapore Changi Airport,Malaysia Airlines,MH,B738,Boeing 737-8H6,9M-MXW,Landed 22:16,2026-05-26 09:18:28
KUL,arrivals,2026-05-24,21:20,20:48,AK482,AXM482,BPN,Balikpapan Sepinggan Airport,AirAsia (Universiti Teknologi Malaysia Livery),AK,A320,Airbus A320-216,9M-AJE,Landed 21:48,2026-05-26 09:18:28
KUL,arrivals,2026-05-24,21:20,20:54,AK387,AXM387,CGK,Jakarta Soekarno Hatta International Airport,AirAsia (Save Our Malayan Tiger Livery),AK,A320,Airbus A320-216,9M-AQZ,Landed 21:54,2026-05-26 09:18:28
KUL,arrivals,2026-05-24,21:25,21:12,OD393,MXD393,CGK,Jakarta Soekarno Hatta International Airport,Batik Air,ID,B738,Boeing 737-8GP,9M-LNP,Landed 22:12,2026-05-26 09:18:24
KUL,arrivals,2026-05-24,21:25,21:50,AK720,AXM720,SIN,Singapore Changi Airport,AirAsia,AK,A320,Airbus A320-216,9M-RAT,Landed 22:50,2026-05-26 09:18:28
KUL,arrivals,2026-05-24,21:30,02:12,OD806,MXD806,SIN,Singapore Changi Airport,Batik Air,ID,B738,Boeing 737-8GP,9M-LNC,Landed 03:12,2026-05-26 09:18:24
KUL,arrivals,2026-05-24,21:30,21:29,MH767,MAS767,SGN,Ho Chi Minh City International Airport,Malaysia Airlines,MH,B38M,Boeing 737 MAX 8,9M-MVN,Landed 22:29,2026-05-26 09:18:24
KUL,arrivals,2026-05-24,21:30,21:21,AK6039,AXM6039,JHB,Johor Bahru Senai International Airport,AirAsia,AK,A20N,Airbus A320-251N,9M-AGF,Landed 22:21,2026-05-26 09:18:24
KUL,arrivals,2026-05-24,21:35,21:53,AK9573,AXM9573,TWU,Tawau Airport,AirAsia,AK,A320,Airbus A320-214,9M-AHV,Landed 22:53,2026-05-26 09:18:24
KUL,arrivals,2026-05-24,21:40,21:18,KL810,KLM810,CGK,Jakarta Soekarno Hatta International Airport,KLM,KL,B789,Boeing 787-9 Dreamliner,PH-BHD,Landed 22:18,2026-05-26 09:18:24
KUL,arrivals,2026-05-24,21:45,21:26,MH2747,MAS2747,BTU,Bintulu Airport,Malaysia Airlines,MH,B738,Boeing 737-8H6,9M-MXO,Landed 22:26,2026-05-26 09:18:24
KUL,arrivals,2026-05-24,21:50,21:40,MH2597,MAS2597,KCH,Kuching International Airport,Malaysia Airlines,MH,B738,Boeing 737-8H6,9M-MLQ,Landed 22:40,2026-05-26 09:18:24
KUL,arrivals,2026-05-24,21:50,22:04,AK379,AXM379,DPS,Denpasar Ngurah Rai International Airport,AirAsia (BIG Duty Free Livery),AK,A320,Airbus A320-214,9M-AHY,Landed 23:04,2026-05-26 09:18:24
KUL,arrivals,2026-05-24,22:00,21:49,MH724,MAS724,CGK,Jakarta Soekarno Hatta International Airport,Malaysia Airlines,MH,B738,Boeing 737-8H6,9M-MXY,Landed 22:49,2026-05-26 09:18:24
KUL,arrivals,2026-05-24,22:00,22:52,FY2575,FFM2575,TWU,Tawau Airport,Firefly,FY,B738,Boeing 737-8FZ,9M-MLJ,Landed 23:52,2026-05-26 09:18:24
KUL,arrivals,2026-05-24,22:00,21:35,CA871,CCA871,PEK,Beijing Capital International Airport,Air China,CA,B38M,Boeing 737 MAX 8,B-1225,Landed 22:35,2026-05-26 09:18:24
KUL,arrivals,2026-05-24,22:00,21:42,MH2585,MAS2585,MYY,Miri Airport,Malaysia Airlines,MH,B738,Boeing 737-8H6,9M-MXX,Landed 22:42,2026-05-26 09:18:24
KUL,arrivals,2026-05-24,22:05,21:37,3U3993,CSC3993,TFU,Chengdu Tianfu International Airport,Sichuan Airlines,3U,A21N,Airbus A321-271N,B-30FS,Landed 22:37,2026-05-26 09:18:24
KUL,arrivals,2026-05-24,22:25,22:22,HO1353,DKH1353,PVG,Shanghai Pudong International Airport,Juneyao Air,HO,A20N,Airbus A320-271N,B-324U,Landed 23:22,2026-05-26 09:18:24
KUL,arrivals,2026-05-24,22:40,00:15,MU2969,CES2969,NKG,Nanjing Lukou International Airport,China Eastern Airlines,MU,A20N,Airbus A320-251N,B-320H,Landed 01:15,2026-05-26 09:18:24
KUL,arrivals,2026-05-24,22:40,00:22,MH6245,MAS6245,BOM,Mumbai Chhatrapati Shivaji International Airport,MASkargo,MH,A332,Airbus A330-223F,9M-MUB,Landed 01:22,2026-05-26 09:18:24
KUL,arrivals,2026-05-24,22:40,22:26,3U3773,CSC3773,CKG,Chongqing Jiangbei International Airport,Sichuan Airlines,3U,A20N,Airbus A320-271N,B-30E0,Landed 23:26,2026-05-26 09:18:24
KUL,arrivals,2026-05-24,22:50,22:57,MF823,CXA823,XMN,Xiamen Gaoqi International Airport,Xiamen Air,MF,B38M,Boeing 737 MAX 8,B-20DX,Landed 23:57,2026-05-26 09:18:24
KUL,arrivals,2026-05-24,22:55,23:06,AK354,AXM354,CGK,Jakarta Soekarno Hatta International Airport,AirAsia,AK,A320,Airbus A320-216,9M-AQS,Landed 00:06,2026-05-26 09:18:24
KUL,arrivals,2026-05-24,23:05,23:00,NH815,ANA815,NRT,Tokyo Narita International Airport,All Nippon Airways,NH,B788,Boeing 787-8 Dreamliner,JA878A,Landed 00:00,2026-05-26 09:18:24
KUL,arrivals,2026-05-24,23:05,,FY3681,,SIN,Singapore Changi Airport,Firefly,FY,738,,,Unknown,2026-05-26 09:18:24
KUL,arrivals,2026-05-24,23:05,23:23,AK525,AXM525,SGN,Ho Chi Minh City International Airport,AirAsia (100th Awesome Plane Livery),AK,A320,Airbus A320-216,9M-AQH,Landed 00:23,2026-05-26 09:18:24
KUL,arrivals,2026-05-24,23:10,23:03,AK5752,AXM5752,TWU,Tawau Airport,AirAsia (Sarawak Livery),AK,A320,Airbus A320-216,9M-AJD,Landed 00:03,2026-05-26 09:18:24
KUL,arrivals,2026-05-24,23:10,22:51,5J501,CEB501,MNL,Manila Ninoy Aquino International Airport,Cebu Pacific,5J,A21N,Airbus A321-271NX,RP-C4127,Landed 23:51,2026-05-26 09:18:24
KUL,arrivals,2026-05-24,23:25,23:31,MU795,CES795,PKX,Beijing Daxing International Airport,China Eastern Airlines,MU,A20N,Airbus A320-251N,B-30CX,Landed 00:31,2026-05-26 09:18:24
KUL,arrivals,2026-05-24,23:30,23:11,CZ5079,CSN5079,SZX,Shenzhen Bao'an International Airport,China Southern Airlines,CZ,A21N,Airbus A321-253NX,B-32GE,Landed 00:11,2026-05-26 09:18:24
KUL,arrivals,2026-05-24,23:30,23:26,AK722,AXM722,SIN,Singapore Changi Airport,AirAsia,AK,A320,Airbus A320-216,9M-AGT,Landed 00:26,2026-05-26 09:18:24
KUL,arrivals,2026-05-24,23:35,,AQ1271,,CAN,Guangzhou Baiyun International Airport,9 Air,AQ,738,,,Unknown,2026-05-26 09:18:24
KUL,arrivals,2026-05-24,23:35,23:16,SV840,SVA840,JED,Jeddah King Abdulaziz International Airport,Saudia,SV,B789,Boeing 787-9 Dreamliner,HZ-AR13,Landed 00:16,2026-05-26 09:18:24
KUL,arrivals,2026-05-24,23:45,23:59,AK897,AXM897,DMK,Bangkok Don Mueang International Airport,AirAsia,AK,A320,Airbus A320-214,9M-RCB,Landed 00:59,2026-05-26 09:18:24
KUL,arrivals,2026-05-24,23:55,00:40,FM861,CSH861,PVG,Shanghai Pudong International Airport,Shanghai Airlines,FM,B38M,Boeing 737 MAX 8,B-224E,Landed 01:40,2026-05-26 09:18:24
KUL,departures,2026-05-24,21:20,21:52,AK29,AXM29,TRZ,Tiruchirappalli International Airport,AirAsia (Watsons Livery),AK,A320,Airbus A320-214,9M-AHX,Departed 22:52,2026-05-26 09:19:07
KUL,departures,2026-05-24,21:20,21:43,QZ123,AWQ123,KNO,Medan Kuala Namu International Airport,AirAsia,AK,A320,Airbus A320-214,PK-AZI,Departed 22:43,2026-05-26 09:19:07
KUL,departures,2026-05-24,21:20,12:20,OD162,,DAC,Dhaka Shahjalal International Airport,Batik Air,ID,A333,Airbus A330-343,9M-LFD,Unknown,2026-05-26 09:19:07
KUL,departures,2026-05-24,21:25,22:02,MH149,MAS149,MEL,Melbourne Airport,Malaysia Airlines,MH,A339,Airbus A330-941,9M-MNG,Departed 23:02,2026-05-26 09:19:07
KUL,departures,2026-05-24,21:25,21:55,MH52,MAS52,KIX,Osaka Kansai International Airport,Malaysia Airlines,MH,A333,Airbus A330-323,9M-MTB,Departed 22:55,2026-05-26 09:19:07
KUL,departures,2026-05-24,21:25,21:58,AK37,AXM37,COK,Cochin International Airport,AirAsia,AK,A20N,Airbus A320-251N,9M-AGS,Departed 22:58,2026-05-26 09:19:07
KUL,departures,2026-05-24,21:25,22:07,MH139,MAS139,ADL,Adelaide Airport,Malaysia Airlines,MH,A339,Airbus A330-941,9M-MNO,Departed 23:07,2026-05-26 09:19:07
KUL,departures,2026-05-24,21:30,22:09,AK9,AXM9,TRV,Thiruvananthapuram International Airport,AirAsia,AK,A20N,Airbus A320-251N,9M-AGL,Departed 23:09,2026-05-26 09:19:07
KUL,departures,2026-05-24,21:40,22:17,AI2387,AIC2387,DEL,Delhi Indira Gandhi International Airport,Air India,AI,A20N,Airbus A320-251N,VT-RTT,Departed 23:17,2026-05-26 09:19:07
KUL,departures,2026-05-24,21:45,21:45,TH8801,,NNG,Nanning Wuxu International Airport,Raya Airways,TH,767,,,Estimated dep 22:45*,2026-05-26 09:19:07
KUL,departures,2026-05-24,21:50,22:55,MH6176,MAS6176,CAN,Guangzhou Baiyun International Airport,MASkargo,MH,A332,Airbus A330-223F,9M-MUD,Departed 23:55,2026-05-26 09:19:07
KUL,departures,2026-05-24,21:50,22:10,JL724,JAL724,NRT,Tokyo Narita International Airport,Japan Airlines,JL,B788,Boeing 787-8 Dreamliner,JA836J,Departed 23:10,2026-05-26 09:19:07
KUL,departures,2026-05-24,21:50,22:19,BA34,BAW34,LHR,London Heathrow Airport,British Airways,BA,B789,Boeing 787-9 Dreamliner,G-ZBKH,Departed 23:19,2026-05-26 09:19:07
KUL,departures,2026-05-24,22:00,22:23,OD860,MXD860,KIX,Osaka Kansai International Airport,Batik Air,ID,B38M,Boeing 737 MAX 8,9M-LRG,Departed 23:23,2026-05-26 09:19:07
KUL,departures,2026-05-24,22:00,22:39,MH196,MAS196,DAC,Dhaka Shahjalal International Airport,Malaysia Airlines,MH,A333,Airbus A330-323,9M-MTN,Departed 23:39,2026-05-26 09:19:07
KUL,departures,2026-05-24,22:05,22:14,MH609,MAS609,SIN,Singapore Changi Airport,Malaysia Airlines,MH,B738,Boeing 737-8H6,9M-MXH,Departed 23:14,2026-05-26 09:19:07
KUL,departures,2026-05-24,22:15,22:25,ET639,ETH639,SIN,Singapore Changi Airport,Ethiopian Airlines,ET,A359,Airbus A350-941,ET-ATQ,Departed 23:25,2026-05-26 09:19:07
KUL,departures,2026-05-24,22:20,22:27,KE428,KAL428,ICN,Seoul Incheon International Airport,Korean Air,KE,A333,Airbus A330-323,HL8003,Departed 23:27,2026-05-26 09:19:07
KUL,departures,2026-05-24,22:25,22:53,TK61,THY39V,IST,Istanbul Airport,Turkish Airlines,TK,A359,Airbus A350-941,TC-LHF,Departed 23:53,2026-05-26 09:19:07
KUL,departures,2026-05-24,22:30,23:03,MH2,MAS2,LHR,London Heathrow Airport,Malaysia Airlines,MH,A359,Airbus A350-941,9M-MAE,Departed 00:03,2026-05-26 09:19:07
KUL,departures,2026-05-24,22:30,22:44,D7504,XAX504,ICN,Seoul Incheon International Airport,AirAsia X,D7,A333,Airbus A330-343,9M-XXJ,Departed 23:44,2026-05-26 09:19:07
KUL,departures,2026-05-24,22:30,22:37,MH88,MAS88,NRT,Tokyo Narita International Airport,Malaysia Airlines (Malaysia Negaraku Livery),MH,A359,Airbus A350-941,9M-MAG,Departed 23:37,2026-05-26 09:19:07
KUL,departures,2026-05-24,22:30,22:59,MH66,MAS066,ICN,Seoul Incheon International Airport,Malaysia Airlines,MH,A333,Airbus A330-323,9M-MTK,Departed 23:59,2026-05-26 09:19:07
KUL,departures,2026-05-24,22:35,23:02,MH1194,MAS1194,PEN,Penang International Airport,Malaysia Airlines (Oneworld Livery),MH,B738,Boeing 737-8H6,9M-MXC,Departed 00:02,2026-05-26 09:19:07
KUL,departures,2026-05-24,22:40,23:21,MH20,MAS20,CDG,Paris Charles de Gaulle Airport,Malaysia Airlines (Malaysia Negaraku Livery),MH,A359,Airbus A350-941,9M-MAC,Departed 00:21,2026-05-26 09:19:07
KUL,departures,2026-05-24,22:40,00:23,MH318,MAS318,PKX,Beijing Daxing International Airport,Malaysia Airlines (Oneworld Livery),MH,A333,Airbus A330-323,9M-MTO,Departed 01:23,2026-05-26 09:19:07
KUL,departures,2026-05-24,22:45,23:13,MH123,MAS123,SYD,Sydney Kingsford Smith Airport,Malaysia Airlines,MH,A339,Airbus A330-941,9M-MNK,Departed 00:13,2026-05-26 09:19:07
KUL,departures,2026-05-24,22:55,23:35,KL810,KLM810,AMS,Amsterdam Schiphol Airport,KLM,KL,B789,Boeing 787-9 Dreamliner,PH-BHD,Departed 00:35,2026-05-26 09:19:07
KUL,departures,2026-05-24,23:05,23:18,OD191,MXD191,PER,Perth Airport,Batik Air,ID,B738,Boeing 737-8U3,9M-LCW,Departed 00:18,2026-05-26 09:19:07
KUL,departures,2026-05-24,23:05,23:24,OD297,MXD297,CMB,Colombo Bandaranaike International Airport,Batik Air,ID,B738,Boeing 737-8GP,9M-LNP,Departed 00:24,2026-05-26 09:19:07
KUL,departures,2026-05-24,23:10,01:54,OD872,MXD872,NRT,Tokyo Narita International Airport,Batik Air,ID,B38M,Boeing 737 MAX 8,9M-LRT,Departed 02:54,2026-05-26 09:19:07
KUL,departures,2026-05-24,23:15,01:57,MH6126,,DOH,Doha Hamad International Airport,MASkargo,MH,A332,Airbus A330-223F,9M-MUA,Unknown,2026-05-26 09:19:07
KUL,departures,2026-05-24,23:15,23:32,CA872,CCA872,PEK,Beijing Capital International Airport,Air China,CA,B38M,Boeing 737 MAX 8,B-1225,Departed 00:32,2026-05-26 09:19:07
KUL,departures,2026-05-24,23:20,23:27,3U3994,CSC3994,TFU,Chengdu Tianfu International Airport,Sichuan Airlines,3U,A21N,Airbus A321-271N,B-30FS,Departed 00:27,2026-05-26 09:19:07
KUL,departures,2026-05-24,23:25,23:41,HO1354,DKH1354,PVG,Shanghai Pudong International Airport,Juneyao Air,HO,A20N,Airbus A320-271N,B-324U,Departed 00:41,2026-05-26 09:19:07
KUL,departures,2026-05-24,23:30,23:32,AK114,AXM114,CAN,Guangzhou Baiyun International Airport,AirAsia,AK,A20N,Airbus A320-251N,9M-AGH,Departed 00:32,2026-05-26 09:19:07
KUL,departures,2026-05-24,23:40,01:32,MU2970,CES2970,NKG,Nanjing Lukou International Airport,China Eastern Airlines,MU,A20N,Airbus A320-251N,B-320H,Departed 02:32,2026-05-26 09:19:07
KUL,departures,2026-05-24,23:45,23:49,3U3774,CSC3774,CKG,Chongqing Jiangbei International Airport,Sichuan Airlines,3U,A20N,Airbus A320-271N,B-30E0,Departed 00:49,2026-05-26 09:19:07
KUL,departures,2026-05-24,23:55,00:24,5J502,CEB502,MNL,Manila Ninoy Aquino International Airport,Cebu Pacific,5J,A21N,Airbus A321-271NX,RP-C4127,Departed 01:24,2026-05-26 09:19:07
SIN,arrivals,2026-05-24,21:20,22:14,TR611,TGW611,BKK,Bangkok Suvarnabhumi Airport,Scoot,TR,B789,Boeing 787-9 Dreamliner,9V-OJF,Landed 23:14,2026-05-26 09:17:11
SIN,arrivals,2026-05-24,21:20,21:00,SQ921,SIA921,MNL,Manila Ninoy Aquino International Airport,Singapore Airlines,SQ,B78X,Boeing 787-10 Dreamliner,9V-SCC,Landed 22:00,2026-05-26 09:17:11
SIN,arrivals,2026-05-24,21:20,21:36,TR181,TGW181,NKG,Nanjing Lukou International Airport,Scoot,TR,B788,Boeing 787-8 Dreamliner,9V-OFH,Landed 22:36,2026-05-26 09:17:11
SIN,arrivals,2026-05-24,21:20,22:21,SQ833,SIA833,PVG,Shanghai Pudong International Airport,Singapore Airlines,SQ,A388,Airbus A380-841,9V-SKQ,Landed 23:21,2026-05-26 09:17:11
SIN,arrivals,2026-05-24,21:25,21:39,8B155,TNU155,CGK,Jakarta Soekarno Hatta International Airport,TransNusa,8B,A320,Airbus A320-214,PK-TLF,Landed 22:39,2026-05-26 09:17:11
SIN,arrivals,2026-05-24,21:27,,SQ9298,SIA9298,CHC,Christchurch International Airport,Singapore Airlines,SQ,A359,Airbus A350-941,9V-SMN,Unknown,2026-05-26 09:17:11
SIN,arrivals,2026-05-24,21:30,21:26,TR519,TGW519,DAD,Da Nang International Airport,Scoot,TR,A21N,Airbus A321-271NX,9V-NCM,Landed 22:26,2026-05-26 09:17:11
SIN,arrivals,2026-05-24,21:30,21:28,TG401,THA401,BKK,Bangkok Suvarnabhumi Airport,Thai Airways (Star Alliance Livery),TG,A333,Airbus A330-343,HS-TEO,Landed 22:28,2026-05-26 09:17:11
SIN,arrivals,2026-05-24,21:30,20:55,HO1575,DKH1575,PVG,Shanghai Pudong International Airport,Juneyao Air,HO,A21N,Airbus A321-271NX,B-32HU,Landed 21:55,2026-05-26 09:17:11
SIN,arrivals,2026-05-24,21:30,20:45,SQ7873,SIA7873,HKG,Hong Kong International Airport,Singapore Airlines Cargo,SQ,B744,Boeing 747-412F(SCD),9V-SFN,Landed 21:45,2026-05-26 09:17:11
SIN,arrivals,2026-05-24,21:35,22:03,TR905,TGW905,MFM,Macau International Airport,Scoot,TR,A320,Airbus A320-232,9V-TRT,Landed 23:03,2026-05-26 09:17:11
SIN,arrivals,2026-05-24,21:40,22:24,SQ945,SIA945,DPS,Denpasar Ngurah Rai International Airport,Singapore Airlines,SQ,B78X,Boeing 787-10 Dreamliner,9V-SCA,Landed 23:24,2026-05-26 09:17:11
SIN,arrivals,2026-05-24,21:40,21:11,SQ895,SIA895,HKG,Hong Kong International Airport,Singapore Airlines,SQ,A359,Airbus A350-941,9V-SMP,Landed 22:11,2026-05-26 09:17:11
SIN,arrivals,2026-05-24,21:40,21:38,SQ204,SIA204,CNS,Cairns Airport,Singapore Airlines,SQ,A359,Airbus A350-941,9V-SHJ,Landed 22:38,2026-05-26 09:17:11
SIN,arrivals,2026-05-24,21:40,21:42,SQ185,SIA185,SGN,Ho Chi Minh City International Airport,Singapore Airlines,SQ,B78X,Boeing 787-10 Dreamliner,9V-SCU,Landed 22:42,2026-05-26 09:17:11
SIN,arrivals,2026-05-24,21:40,22:17,TR283,TGW283,DPS,Denpasar Ngurah Rai International Airport,Scoot,TR,B788,Boeing 787-8 Dreamliner,9V-OFC,Landed 23:17,2026-05-26 09:17:11
SIN,arrivals,2026-05-24,21:45,21:54,SQ929,SIA929,SUB,Surabaya Juanda International Airport,Singapore Airlines,SQ,B38M,Boeing 737 MAX 8,9V-MBG,Landed 22:54,2026-05-26 09:17:11
SIN,arrivals,2026-05-24,21:45,21:33,TR649,TGW649,USM,Koh Samui Airport,Scoot,TR,E290,Embraer E190-E2,9V-THD,Landed 22:33,2026-05-26 09:17:11
SIN,arrivals,2026-05-24,21:45,21:51,AK723,AXM723,KUL,Kuala Lumpur International Airport,AirAsia,AK,A320,Airbus A320-216,9M-AGT,Landed 22:51,2026-05-26 09:17:11
SIN,arrivals,2026-05-24,21:50,22:12,TR279,TGW279,CGK,Jakarta Soekarno Hatta International Airport,Scoot,TR,A20N,Airbus A320-271N,9V-TNG,Landed 23:12,2026-05-26 09:17:11
SIN,arrivals,2026-05-24,21:50,21:30,SQ807,SIA807,PEK,Beijing Capital International Airport,Singapore Airlines,SQ,B77W,Boeing 777-312(ER),9V-SWV,Landed 22:30,2026-05-26 09:17:11
SIN,arrivals,2026-05-24,21:55,21:23,SQ621,SIA621,KIX,Osaka Kansai International Airport,Singapore Airlines,SQ,B78X,Boeing 787-10 Dreamliner,9V-SDC,Landed 22:23,2026-05-26 09:17:11
SIN,arrivals,2026-05-24,22:00,21:48,ZG53,TZP53,NRT,Tokyo Narita International Airport,Zipair,ZG,B788,Boeing 787-8 Dreamliner,JA827J,Landed 22:48,2026-05-26 09:17:11
SIN,arrivals,2026-05-24,22:00,22:53,SQ193,SIA193,HAN,Hanoi Noi Bai International Airport,Singapore Airlines,SQ,B38M,Boeing 737 MAX 8,9V-MBA,Landed 23:53,2026-05-26 09:17:11
SIN,arrivals,2026-05-24,22:00,21:58,SQ141,SIA141,PEN,Penang International Airport,Singapore Airlines,SQ,B38M,Boeing 737 MAX 8,9V-MBE,Landed 22:58,2026-05-26 09:17:11
SIN,arrivals,2026-05-24,22:05,21:52,SQ995,SIA995,KNO,Medan Kuala Namu International Airport,Singapore Airlines,SQ,B38M,Boeing 737 MAX 8,9V-MBV,Landed 22:52,2026-05-26 09:17:11
SIN,arrivals,2026-05-24,22:05,21:49,SQ967,SIA967,CGK,Jakarta Soekarno Hatta International Airport,Singapore Airlines,SQ,A359,Airbus A350-941,9V-SHU,Landed 22:49,2026-05-26 09:17:11
SIN,arrivals,2026-05-24,22:05,21:40,SQ633,SIA633,HND,Tokyo Haneda International Airport,Singapore Airlines,SQ,A359,Airbus A350-941,9V-SHF,Landed 22:40,2026-05-26 09:17:11
SIN,arrivals,2026-05-24,22:05,21:59,SQ276,SIA276,ADL,Adelaide Airport,Singapore Airlines,SQ,B78X,Boeing 787-10 Dreamliner,9V-SDB,Landed 22:59,2026-05-26 09:17:11
SIN,arrivals,2026-05-24,22:15,22:25,SQ843,SIA843,TFU,Chengdu Tianfu International Airport,Singapore Airlines,SQ,B78X,Boeing 787-10 Dreamliner,9V-SCD,Landed 23:25,2026-05-26 09:17:11
SIN,arrivals,2026-05-24,22:15,22:02,TR405,TGW405,KBR,Kota Bharu Sultan Ismail Petra Airport,Scoot,TR,E290,Embraer E190-E2,9V-THI,Landed 23:02,2026-05-26 09:17:11
SIN,arrivals,2026-05-24,22:15,22:06,TR267,TGW267,SUB,Surabaya Juanda International Airport,Scoot,TR,B788,Boeing 787-8 Dreamliner,9V-OFD,Landed 23:06,2026-05-26 09:17:11
SIN,arrivals,2026-05-24,22:20,22:40,SQ127,SIA127,KUL,Kuala Lumpur International Airport,Singapore Airlines,SQ,B38M,Boeing 737 MAX 8,9V-MBH,Landed 23:40,2026-05-26 09:17:11
SIN,arrivals,2026-05-24,22:25,21:19,7C2661,JJA2661,PUS,Busan Gimhae International Airport,Jeju Air,7C,B38M,Boeing 737 MAX 8,HL8592,Landed 22:19,2026-05-26 09:17:11
SIN,arrivals,2026-05-24,22:25,22:05,TR591,TGW591,MNL,Manila Ninoy Aquino International Airport,Scoot,TR,A21N,Airbus A321-271NX,9V-NCF,Landed 23:05,2026-05-26 09:17:11
SIN,arrivals,2026-05-24,22:25,22:27,SQ739,SIA739,HKT,Phuket International Airport,Singapore Airlines,SQ,B38M,Boeing 737 MAX 8,9V-MBR,Landed 23:27,2026-05-26 09:17:11
SIN,arrivals,2026-05-24,22:25,22:29,KL836,KLM836,DPS,Denpasar Ngurah Rai International Airport,KLM,KL,B77W,Boeing 777-300(ER),PH-BVW,Landed 23:29,2026-05-26 09:17:11
SIN,arrivals,2026-05-24,22:30,21:56,SQ7411,SIA7411,NGO,Nagoya Chubu Centrair International Airport,DHL,D0,B77L,Boeing 777-F,9V-DHB,Landed 22:56,2026-05-26 09:17:11
SIN,arrivals,2026-05-24,22:30,22:11,CZ351,CSN351,CAN,Guangzhou Baiyun International Airport,China Southern Airlines,CZ,A21N,Airbus A321-271N,B-8368,Landed 23:11,2026-05-26 09:17:11
SIN,arrivals,2026-05-24,22:35,22:15,PR509,PAL509,MNL,Manila Ninoy Aquino International Airport,Philippine Airlines,PR,A321,Airbus A321-231,RP-C9902,Landed 23:15,2026-05-26 09:17:11
SIN,arrivals,2026-05-24,22:40,22:19,7C2623,JJA2623,ICN,Seoul Incheon International Airport,Jeju Air,7C,B38M,Boeing 737 MAX 8,HL8552,Landed 23:19,2026-05-26 09:17:11
SIN,arrivals,2026-05-24,22:40,22:35,SQ713,SIA713,BKK,Bangkok Suvarnabhumi Airport,Singapore Airlines,SQ,B78X,Boeing 787-10 Dreamliner,9V-SCR,Landed 23:35,2026-05-26 09:17:11
SIN,arrivals,2026-05-24,22:45,23:43,TR435,TGW435,KCH,Kuching International Airport,Scoot,TR,A20N,Airbus A320-271N,9V-TNI,Landed 00:43,2026-05-26 09:17:11
SIN,arrivals,2026-05-24,22:45,22:31,EK349,UAE349,KTI,Phnom Penh Techo International Airport,Emirates,EK,B77W,Boeing 777-31H(ER),A6-EGA,Landed 23:31,2026-05-26 09:17:11
SIN,arrivals,2026-05-24,22:55,22:49,KE645,KAL645,ICN,Seoul Incheon International Airport,Korean Air,KE,B77W,Boeing 777-3B5(ER),HL7204,Landed 23:49,2026-05-26 09:17:11
SIN,arrivals,2026-05-24,22:55,22:55,TR653,TGW653,HKT,Phuket International Airport,Scoot,TR,A21N,Airbus A321-271NX,9V-NCC,Landed 23:55,2026-05-26 09:17:11
SIN,arrivals,2026-05-24,22:55,22:33,TR499,TGW499,PEN,Penang International Airport,Scoot,TR,A20N,Airbus A320-271N,9V-TNJ,Landed 23:33,2026-05-26 09:17:11
SIN,arrivals,2026-05-24,23:05,22:51,MM773,APJ773,KIX,Osaka Kansai International Airport,Peach,MM,A21N,Airbus A321-251NX(LR),JA902P,Landed 23:51,2026-05-26 09:17:11
SIN,arrivals,2026-05-24,23:10,23:08,SQ266,SIA266,BNE,Brisbane Airport,Singapore Airlines,SQ,A359,Airbus A350-941,9V-SHV,Landed 00:08,2026-05-26 09:17:11
SIN,arrivals,2026-05-24,23:10,23:04,MH609,MAS609,KUL,Kuala Lumpur International Airport,Malaysia Airlines,MH,B738,Boeing 737-8H6,9M-MXH,Landed 00:04,2026-05-26 09:17:11
SIN,arrivals,2026-05-24,23:10,22:59,5J803,CEB803,MNL,Manila Ninoy Aquino International Airport,Cebu Pacific,5J,A21N,Airbus A321-271NX,RP-C4142,Landed 23:59,2026-05-26 09:17:11
SIN,arrivals,2026-05-24,23:10,22:38,3U3919,CSC3919,TFU,Chengdu Tianfu International Airport,Sichuan Airlines,3U,A20N,Airbus A320-271N,B-320U,Landed 23:38,2026-05-26 09:17:11
SIN,arrivals,2026-05-24,23:15,23:19,SQ947,SIA947,DPS,Denpasar Ngurah Rai International Airport,Singapore Airlines,SQ,B78X,Boeing 787-10 Dreamliner,9V-SCY,Landed 00:19,2026-05-26 09:17:11
SIN,arrivals,2026-05-24,23:15,22:56,SQ242,SIA242,SYD,Sydney Kingsford Smith Airport,Singapore Airlines,SQ,A359,Airbus A350-941,9V-SJD,Landed 23:56,2026-05-26 09:17:11
SIN,arrivals,2026-05-24,23:15,22:43,SQ208,SIA208,MEL,Melbourne Airport,Singapore Airlines,SQ,A359,Airbus A350-941,9V-SJE,Landed 23:43,2026-05-26 09:17:11
SIN,arrivals,2026-05-24,23:15,23:01,TR627,TGW627,BKK,Bangkok Suvarnabhumi Airport,Scoot,TR,B789,Boeing 787-9 Dreamliner,9V-OJI,Landed 00:01,2026-05-26 09:17:11
SIN,arrivals,2026-05-24,23:20,23:24,JL711,JAL711,NRT,Tokyo Narita International Airport,Japan Airlines,JL,B763,Boeing 767-346(ER),JA607J,Landed 00:24,2026-05-26 09:17:11
SIN,arrivals,2026-05-24,23:25,23:50,5J547,CEB547,CEB,Cebu Mactan International Airport,Cebu Pacific,5J,A320,Airbus A320-214,RP-C4100,Landed 00:50,2026-05-26 09:17:11
SIN,arrivals,2026-05-24,23:35,23:17,SQ835,SIA835,PVG,Shanghai Pudong International Airport,Singapore Airlines,SQ,B78X,Boeing 787-10 Dreamliner,9V-SCG,Landed 00:17,2026-05-26 09:17:11
SIN,arrivals,2026-05-24,23:35,23:31,SQ719,SIA719,BKK,Bangkok Suvarnabhumi Airport,Singapore Airlines,SQ,B78X,Boeing 787-10 Dreamliner,9V-SCB,Landed 00:31,2026-05-26 09:17:11
SIN,arrivals,2026-05-24,23:35,23:12,ET639,ETH639,KUL,Kuala Lumpur International Airport,Ethiopian Airlines,ET,A359,Airbus A350-941,ET-ATQ,Landed 00:12,2026-05-26 09:17:11
SIN,arrivals,2026-05-24,23:35,23:22,CI755,CAL755,TPE,Taipei Taoyuan International Airport,China Airlines,CI,A21N,Airbus A321-271NX,B-18117,Landed 00:22,2026-05-26 09:17:11
SIN,arrivals,2026-05-24,23:45,23:41,TW165,TWB165,CJU,Jeju International Airport,T'Way Air,TW,B38M,Boeing 737 MAX 8,HL8514,Landed 00:41,2026-05-26 09:17:07
SIN,arrivals,2026-05-24,23:45,00:22,TR983,TGW983,HKG,Hong Kong International Airport,Scoot,TR,A21N,Airbus A321-271NX,9V-NCK,Landed 01:22,2026-05-26 09:17:07
SIN,arrivals,2026-05-24,23:45,23:14,NH801,AJX801,NRT,Tokyo Narita International Airport,All Nippon Airways,NH,B789,Boeing 787-9 Dreamliner,JA895A,Landed 00:14,2026-05-26 09:17:07
SIN,arrivals,2026-05-24,23:45,23:35,CX715,CPA715,HKG,Hong Kong International Airport,Cathay Pacific,CX,A333,Airbus A330-343,B-HLS,Landed 00:35,2026-05-26 09:17:11
SIN,arrivals,2026-05-24,23:55,23:46,SQ11,SIA11,NRT,Tokyo Narita International Airport,Singapore Airlines (Star Alliance Livery),SQ,B77W,Boeing 777-312(ER),9V-SWJ,Landed 00:46,2026-05-26 09:17:07
SIN,departures,2026-05-24,21:20,21:44,6E1004,IGO1004,MAA,Chennai International Airport,IndiGo,6E,A21N,Airbus A321-252NX,VT-NCH,Departed 22:44,2026-05-26 09:17:47
SIN,departures,2026-05-24,21:20,21:36,SQ468,SIA468,CMB,Colombo Bandaranaike International Airport,Singapore Airlines,SQ,B78X,Boeing 787-10 Dreamliner,9V-SCS,Departed 22:36,2026-05-26 09:17:47
SIN,departures,2026-05-24,21:20,21:42,AF257,AFR257,CDG,Paris Charles de Gaulle Airport,Air France,AF,B77W,Boeing 777-328(ER),F-GSQY,Departed 22:42,2026-05-26 09:17:47
SIN,departures,2026-05-24,21:40,21:58,BA16,BAW16,LHR,London Heathrow Airport,British Airways,BA,B789,Boeing 787-9 Dreamliner,G-ZBKM,Departed 22:58,2026-05-26 09:17:47
SIN,departures,2026-05-24,21:45,22:00,LH769,DLH769,MUC,Munich Airport,Lufthansa,LH,A359,Airbus A350-941,D-AIXM,Departed 23:00,2026-05-26 09:17:47
SIN,departures,2026-05-24,21:50,22:05,SQ636,SIA636,HND,Tokyo Haneda International Airport,Singapore Airlines,SQ,B77W,Boeing 777-312(ER),9V-SWS,Departed 23:05,2026-05-26 09:17:47
SIN,departures,2026-05-24,21:50,22:03,SQ285,SIA285,AKL,Auckland Airport,Singapore Airlines,SQ,B77W,Boeing 777-312(ER),9V-SWT,Departed 23:03,2026-05-26 09:17:47
SIN,departures,2026-05-24,21:50,22:07,OZ752,AAR752,ICN,Seoul Incheon International Airport,Asiana Airlines,OZ,A359,Airbus A350-941,HL8359,Departed 23:07,2026-05-26 09:17:47
SIN,departures,2026-05-24,21:55,22:19,TR766,TGW766,TRZ,Tiruchirappalli International Airport,Scoot,TR,A21N,Airbus A321-271NX,9V-NCL,Departed 23:19,2026-05-26 09:17:47
SIN,departures,2026-05-24,21:55,,FY3681,,KUL,Kuala Lumpur International Airport,Firefly,FY,738,,,Unknown,2026-05-26 09:17:47
SIN,departures,2026-05-24,22:00,22:29,SQ322,SIA322,LHR,London Heathrow Airport,Singapore Airlines,SQ,A388,Airbus A380-841,9V-SKZ,Departed 23:29,2026-05-26 09:17:47
SIN,departures,2026-05-24,22:00,22:12,AI2383,AIC2383,DEL,Delhi Indira Gandhi International Airport,Air India,AI,A21N,Airbus A321-251NX,VT-TVE,Departed 23:12,2026-05-26 09:17:47
SIN,departures,2026-05-24,22:00,22:10,TW162,TWB162,ICN,Seoul Incheon International Airport,T'Way Air,TW,A333,Airbus A330-343,HL8501,Departed 23:10,2026-05-26 09:17:47
SIN,departures,2026-05-24,22:05,22:27,TR884,TGW884,NRT,Tokyo Narita International Airport,Scoot,TR,B789,Boeing 787-9 Dreamliner,9V-OJE,Departed 23:27,2026-05-26 09:17:47
SIN,departures,2026-05-24,22:05,02:08,TK55,THY55,IST,Istanbul Airport,Turkish Airlines,TK,B77W,Boeing 777-3F2(ER),TC-LJC,Departed 03:08,2026-05-26 09:17:47
SIN,departures,2026-05-24,22:10,22:17,QF54,QFA54,BNE,Brisbane Airport,Qantas,QF,A332,Airbus A330-202,VH-EBS,Departed 23:17,2026-05-26 09:17:47
SIN,departures,2026-05-24,22:10,22:32,MU566,CES566,PVG,Shanghai Pudong International Airport,China Eastern Airlines,MU,A332,Airbus A330-243,B-5975,Departed 23:32,2026-05-26 09:17:47
SIN,departures,2026-05-24,22:15,23:08,SQ616,SIA616,PUS,Busan Gimhae International Airport,Singapore Airlines,SQ,B38M,Boeing 737 MAX 8,9V-MBM,Departed 00:08,2026-05-26 09:17:47
SIN,departures,2026-05-24,22:20,22:45,8B156,TNU156,CGK,Jakarta Soekarno Hatta International Airport,TransNusa,8B,A320,Airbus A320-214,PK-TLF,Departed 23:45,2026-05-26 09:17:47
SIN,departures,2026-05-24,22:20,22:54,QF1,QFA1,LHR,London Heathrow Airport,Qantas,QF,A388,Airbus A380-842,VH-OQD,Departed 23:54,2026-05-26 09:17:47
SIN,departures,2026-05-24,22:20,23:00,BA12,BAW12,LHR,London Heathrow Airport,British Airways,BA,B77W,Boeing 777-36N(ER),G-STBD,Departed 00:00,2026-05-26 09:17:47
SIN,departures,2026-05-24,22:25,22:48,LX177,SWR177,ZRH,Zurich Airport,Swiss,LX,B77W,Boeing 777-3DE(ER),HB-JNA,Departed 23:48,2026-05-26 09:17:47
SIN,departures,2026-05-24,22:25,22:41,CA970,CCA970,PEK,Beijing Capital International Airport,Air China (50th A330 for Air China Sticker),CA,A333,Airbus A330-343,B-5977,Departed 23:41,2026-05-26 09:17:47
SIN,departures,2026-05-24,22:25,22:46,AK722,AXM722,KUL,Kuala Lumpur International Airport,AirAsia,AK,A320,Airbus A320-216,9M-AGT,Departed 23:46,2026-05-26 09:17:47
SIN,departures,2026-05-24,22:30,22:49,SQ356,SIA356,MXP,Milan Malpensa Airport,Singapore Airlines,SQ,A359,Airbus A350-941,9V-SMC,Departed 23:49,2026-05-26 09:17:47
SIN,departures,2026-05-24,22:30,23:41,QF38,QFA38,MEL,Melbourne Airport,Qantas,QF,A332,Airbus A330-202,VH-EBQ,Departed 00:41,2026-05-26 09:17:47
SIN,departures,2026-05-24,22:35,22:56,SQ22,SIA22,EWR,New York Newark Liberty International Airport,Singapore Airlines,SQ,A359,Airbus A350-941,9V-SGC,Departed 23:56,2026-05-26 09:17:47
SIN,departures,2026-05-24,22:35,23:02,SQ388,SIA388,BCN,Barcelona El Prat Airport,Singapore Airlines,SQ,A359,Airbus A350-941,9V-SMH,Departed 00:02,2026-05-26 09:17:47
SIN,departures,2026-05-24,22:40,22:59,LH781,DLH781,FRA,Frankfurt Airport,Lufthansa,LH,B744,Boeing 747-430,D-ABVM,Departed 23:59,2026-05-26 09:17:47
SIN,departures,2026-05-24,22:45,22:51,HO1576,DKH1576,PVG,Shanghai Pudong International Airport,Juneyao Air,HO,A21N,Airbus A321-271NX,B-32HU,Departed 23:51,2026-05-26 09:17:47
SIN,departures,2026-05-24,22:55,23:10,SQ638,SIA638,NRT,Tokyo Narita International Airport,Singapore Airlines,SQ,B78X,Boeing 787-10 Dreamliner,9V-SCL,Departed 00:10,2026-05-26 09:17:47
SIN,departures,2026-05-24,22:55,23:53,SQ324,SIA324,AMS,Amsterdam Schiphol Airport,Singapore Airlines,SQ,A359,Airbus A350-941,9V-SMP,Departed 00:53,2026-05-26 09:17:47
SIN,departures,2026-05-24,22:55,23:38,SQ312,SIA312,LGW,London Gatwick Airport,Singapore Airlines,SQ,A359,Airbus A350-941,9V-SMG,Departed 00:38,2026-05-26 09:17:47
SIN,departures,2026-05-24,22:55,23:36,SQ304,SIA304,BRU,Brussels Airport,Singapore Airlines,SQ,A359,Airbus A350-941,9V-SMW,Departed 00:36,2026-05-26 09:17:47
SIN,departures,2026-05-24,22:55,23:55,SQ26,SIA26,FRA,Frankfurt Airport,Singapore Airlines,SQ,B77W,Boeing 777-312(ER),9V-SWQ,Departed 00:55,2026-05-26 09:17:47
SIN,departures,2026-05-24,23:05,23:31,SQ352,SIA352,CPH,Copenhagen Airport,Singapore Airlines,SQ,A359,Airbus A350-941,9V-SMI,Departed 00:31,2026-05-26 09:17:47
SIN,departures,2026-05-24,23:05,23:32,SQ328,SIA328,MUC,Munich Airport,Singapore Airlines,SQ,A359,Airbus A350-941,9V-SMS,Departed 00:32,2026-05-26 09:17:47
SIN,departures,2026-05-24,23:10,23:27,SQ225,SIA225,PER,Perth Airport,Singapore Airlines,SQ,B78X,Boeing 787-10 Dreamliner,9V-SCC,Departed 00:27,2026-05-26 09:17:47
SIN,departures,2026-05-24,23:15,00:59,SQ336,SIA336,CDG,Paris Charles de Gaulle Airport,Singapore Airlines,SQ,B77W,Boeing 777-312(ER),9V-SWO,Departed 01:59,2026-05-26 09:17:47
SIN,departures,2026-05-24,23:20,23:29,SQ608,SIA608,ICN,Seoul Incheon International Airport,Singapore Airlines,SQ,B78X,Boeing 787-10 Dreamliner,9V-SDC,Departed 00:29,2026-05-26 09:17:47
SIN,departures,2026-05-24,23:25,23:59,7C2662,JJA2662,PUS,Busan Gimhae International Airport,Jeju Air,7C,B38M,Boeing 737 MAX 8,HL8592,Departed 00:59,2026-05-26 09:17:47
SIN,departures,2026-05-24,23:30,23:45,ZG54,TZP54,NRT,Tokyo Narita International Airport,Zipair,ZG,B788,Boeing 787-8 Dreamliner,JA827J,Departed 00:45,2026-05-26 09:17:47
SIN,departures,2026-05-24,23:30,23:56,SQ810,SIA810,PKX,Beijing Daxing International Airport,Singapore Airlines,SQ,B78X,Boeing 787-10 Dreamliner,9V-SCA,Departed 00:56,2026-05-26 09:17:47
SIN,departures,2026-05-24,23:35,23:51,TR828,TGW828,CJU,Jeju International Airport,Scoot,TR,A20N,Airbus A320-271N,9V-TNG,Departed 00:51,2026-05-26 09:17:47
SIN,departures,2026-05-24,23:35,23:50,PR510,PAL510,MNL,Manila Ninoy Aquino International Airport,Philippine Airlines,PR,A321,Airbus A321-231,RP-C9902,Departed 00:50,2026-05-26 09:17:47
SIN,departures,2026-05-24,23:45,00:02,SQ231,SIA231,SYD,Sydney Kingsford Smith Airport,Singapore Airlines,SQ,A388,Airbus A380-841,9V-SKW,Departed 01:02,2026-05-26 09:17:47
SIN,departures,2026-05-24,23:45,00:05,SQ255,SIA255,BNE,Brisbane Airport,Singapore Airlines,SQ,A359,Airbus A350-941,9V-SHS,Departed 01:05,2026-05-26 09:17:47
SIN,departures,2026-05-24,23:50,00:09,7C2624,JJA2624,ICN,Seoul Incheon International Airport,Jeju Air,7C,B38M,Boeing 737 MAX 8,HL8552,Departed 01:09,2026-05-26 09:17:47
SIN,departures,2026-05-24,23:50,00:11,EK353,UAE353,DXB,Dubai International Airport,Emirates,EK,A388,Airbus A380-861,A6-EEL,Departed 01:11,2026-05-26 09:17:47
SIN,departures,2026-05-24,23:55,00:07,MU544,CES544,PVG,Shanghai Pudong International Airport,China Eastern Airlines,MU,B789,Boeing 787-9 Dreamliner,B-227J,Departed 01:07,2026-05-26 09:17:47
SIN,departures,2026-05-24,23:55,00:15,KL836,KLM836,AMS,Amsterdam Schiphol Airport,KLM,KL,B77W,Boeing 777-300(ER),PH-BVW,Departed 01:15,2026-05-26 09:17:47
SUB,arrivals,2026-05-24,21:30,21:17,ID6588,BTK6588,CGK,Jakarta Soekarno Hatta International Airport,Batik Air,ID,A320,Airbus A320-214,PK-LUS,Landed 21:17,2026-05-26 09:14:54
SUB,arrivals,2026-05-24,21:40,21:27,ID7521,BTK7521,HLP,Jakarta Halim Perdanakusuma Airport,Batik Air (Book Cabin Sticker),ID,A320,Airbus A320-214,PK-LAF,Landed 21:27,2026-05-26 09:14:54
SUB,arrivals,2026-05-24,21:45,21:55,QG172,CTV172,HLP,Jakarta Halim Perdanakusuma Airport,Citilink,QG,A320,Airbus A320-214,PK-GQF,Landed 21:55,2026-05-26 09:14:54
SUB,arrivals,2026-05-24,21:50,21:40,GA324,GIA324,CGK,Jakarta Soekarno Hatta International Airport,Garuda Indonesia,GA,B738,Boeing 737-8SH,PK-GUD,Landed 21:40,2026-05-26 09:14:54
SUB,arrivals,2026-05-24,22:00,23:35,CZ8137,CSN8137,CAN,Guangzhou Baiyun International Airport,China Southern Airlines,CZ,A21N,Airbus A321-251NX,B-32M5,Landed 23:35,2026-05-26 09:14:54
SUB,arrivals,2026-05-24,22:55,22:34,QG728,CTV728,CGK,Jakarta Soekarno Hatta International Airport,Citilink,QG,A320,Airbus A320-214,PK-GLY,Landed 22:34,2026-05-26 09:14:54
SUB,arrivals,2026-05-24,23:30,23:23,QZ327,AWQ327,KUL,Kuala Lumpur International Airport,AirAsia,AK,A320,Airbus A320-216,PK-AZO,Landed 23:23,2026-05-26 09:14:54
SUB,departures,2026-05-24,22:00,,ID8260,,UPG,Makassar Sultan Hasanuddin International Airport,Batik Air,ID,32A,,,Unknown,2026-05-26 09:15:14
SUB,departures,2026-05-24,22:00,22:01,ID6136,BTK6136,UPG,Makassar Sultan Hasanuddin International Airport,Batik Air,ID,A320,Airbus A320-214,PK-LAI,Departed 22:01,2026-05-26 09:15:14
UPG,arrivals,2026-05-24,21:35,00:52,SJ562,SJY562,SUB,Surabaya Juanda International Airport,Sriwijaya Air,SJ,B735,Boeing 737-524,PK-CLF,Landed 01:52,2026-05-26 09:15:37
UPG,arrivals,2026-05-24,21:55,21:41,JT664,LNI664,YIA,Yogyakarta International Airport,Lion Air (Bookcabin Livery),JT,B738,Boeing 737-8GP,PK-LJY,Landed 22:41,2026-05-26 09:15:37
UPG,arrivals,2026-05-24,21:55,21:34,ID6760,BTK6760,DPS,Denpasar Ngurah Rai International Airport,Batik Air,ID,A320,Airbus A320-214,PK-LAQ,Landed 22:34,2026-05-26 09:15:37
UPG,arrivals,2026-05-24,22:05,20:49,SJ713,SJY713,YIA,Yogyakarta International Airport,Sriwijaya Air,SJ,B735,Boeing 737-524,PK-CLF,Landed 21:49,2026-05-26 09:15:37
UPG,arrivals,2026-05-24,22:10,,IN582,,CGK,Jakarta Soekarno Hatta International Airport,Nam Air,IN,735,,,Unknown,2026-05-26 09:15:37
UPG,arrivals,2026-05-24,23:30,,ID8260,,SUB,Surabaya Juanda International Airport,Batik Air,ID,32A,,,Unknown,2026-05-26 09:15:37
UPG,arrivals,2026-05-24,23:30,23:11,ID6136,BTK6136,SUB,Surabaya Juanda International Airport,Batik Air,ID,A320,Airbus A320-214,PK-LAI,Landed 00:11,2026-05-26 09:15:37
UPG,arrivals,2026-05-24,23:40,00:30,SJ592,SJY592,CGK,Jakarta Soekarno Hatta International Airport,Sriwijaya Air,SJ,B735,Boeing 737-524,PK-CLE,Landed 01:30,2026-05-26 09:15:37
UPG,arrivals,2026-05-24,23:55,,JT940,,CGK,Jakarta Soekarno Hatta International Airport,Lion Air,JT,738,,,Unknown,2026-05-26 09:15:37
UPG,arrivals,2026-05-24,23:55,23:35,JT798,LNI798,CGK,Jakarta Soekarno Hatta International Airport,Lion Air,JT,B739,Boeing 737-9GP(ER),PK-LFO,Landed 00:35,2026-05-26 09:15:37
